<?xml version="1.0" encoding="UTF-8"?>
<project-private xmlns="http://www.netbeans.org/ns/project-private/1">
    <editor-bookmarks xmlns="http://www.netbeans.org/ns/editor-bookmarks/2" lastBookmarkId="0"/>
    <open-files xmlns="http://www.netbeans.org/ns/projectui-open-files/2">
        <group>
            <file>file:/C:/Users/Carlos%20Juca/Documents/UTPL/fp-utpl-18-clases/ExamenPrimerParcial/src/examenprimerparcial/Ejercicio6.java</file>
            <file>file:/C:/Users/Carlos%20Juca/Documents/UTPL/fp-utpl-18-clases/ExamenPrimerParcial/src/examenprimerparcial/Ejercicio9.java</file>
            <file>file:/C:/Users/Carlos%20Juca/Documents/UTPL/fp-utpl-18-clases/ExamenPrimerParcial/src/examenprimerparcial/Ejercicio4.java</file>
            <file>file:/C:/Users/Carlos%20Juca/Documents/UTPL/fp-utpl-18-clases/ExamenPrimerParcial/src/examenprimerparcial/Ejercicio8.java</file>
            <file>file:/C:/Users/Carlos%20Juca/Documents/UTPL/fp-utpl-18-clases/ExamenPrimerParcial/src/examenprimerparcial/Ejercicio3.java</file>
            <file>file:/C:/Users/Carlos%20Juca/Documents/UTPL/fp-utpl-18-clases/ExamenPrimerParcial/src/examenprimerparcial/Ejercicio7.java</file>
            <file>file:/C:/Users/Carlos%20Juca/Documents/UTPL/fp-utpl-18-clases/ExamenPrimerParcial/src/examenprimerparcial/Ejercicio2.java</file>
            <file>file:/C:/Users/Carlos%20Juca/Documents/UTPL/fp-utpl-18-clases/ExamenPrimerParcial/src/examenprimerparcial/Ejercicio5.java</file>
            <file>file:/C:/Users/Carlos%20Juca/Documents/UTPL/fp-utpl-18-clases/ExamenPrimerParcial/src/examenprimerparcial/Ejercicio1.java</file>
        </group>
    </open-files>
</project-private>
